<?xml version="1.0" encoding="UTF-8"?>
<project-private xmlns="http://www.netbeans.org/ns/project-private/1">
    <editor-bookmarks xmlns="http://www.netbeans.org/ns/editor-bookmarks/2" lastBookmarkId="0"/>
    <open-files xmlns="http://www.netbeans.org/ns/projectui-open-files/2">
        <group>
            <file>file:/C:/Users/valla/OneDrive/Documentos/NetBeansProjects/ProyectoU4/src/proyecto/ConectorABD.java</file>
            <file>file:/C:/Users/valla/OneDrive/Documentos/NetBeansProjects/ProyectoU4/src/proyecto/InicioSesion.java</file>
            <file>file:/C:/Users/valla/OneDrive/Documentos/NetBeansProjects/ProyectoU4/src/proyecto/Productos.java</file>
            <file>file:/C:/Users/valla/OneDrive/Documentos/NetBeansProjects/ProyectoU4/src/proyecto/PanelPrincipal.java</file>
            <file>file:/C:/Users/valla/OneDrive/Documentos/NetBeansProjects/ProyectoU4/src/proyecto/Empleados.java</file>
            <file>file:/C:/Users/valla/OneDrive/Documentos/NetBeansProjects/ProyectoU4/src/proyecto/FormatoTabla.java</file>
        </group>
    </open-files>
</project-private>
